,Name,Notes,Country Code,year,annual rate change of refugee stock
0,Sub-Saharan Africa,e,947, 1990-1995,-0.022137982774570436
1,Africa,No notes,903, 1990-1995,0.07603677113441111
2,Eastern Africa,No notes,910, 1990-1995,-5.308010344612512
3,Burundi,No notes,108, 1990-1995,-3.3909261411250875
4,Comoros,No notes,174, 1990-1995,..
5,Djibouti,No notes,262, 1990-1995,-9.763425826711018
6,Eritrea,No notes,232, 1990-1995,..
7,Ethiopia,No notes,231, 1990-1995,-5.505716936298401
8,Kenya,No notes,404, 1990-1995,42.521055181350214
9,Madagascar,No notes,450, 1990-1995,..
10,Malawi,No notes,454, 1990-1995,-104.30737611295288
11,Mauritius,1,480, 1990-1995,..
12,Mayotte,No notes,175, 1990-1995,..
13,Mozambique,No notes,508, 1990-1995,-30.139448326414197
14,Réunion,No notes,638, 1990-1995,..
15,Rwanda,No notes,646, 1990-1995,-6.0627656845470845
16,Seychelles,No notes,690, 1990-1995,..
17,Somalia,No notes,706, 1990-1995,-68.02407828888308
18,South Sudan,No notes,728, 1990-1995,..
19,Uganda,No notes,800, 1990-1995,6.509171393612798
20,United Republic of Tanzania,2,834, 1990-1995,9.694684024184413
21,Zambia,No notes,894, 1990-1995,1.5113691739317874
22,Zimbabwe,No notes,716, 1990-1995,-110.03617607888569
23,Middle Africa,No notes,911, 1990-1995,12.964161983967301
24,Angola,No notes,24, 1990-1995,-4.4616639611770825
25,Cameroon,No notes,120, 1990-1995,0.8674789835111534
26,Central African Republic,No notes,140, 1990-1995,38.14948769523996
27,Chad,No notes,148, 1990-1995,..
28,Congo,No notes,178, 1990-1995,28.24832633786012
29,Democratic Republic of the Congo,No notes,180, 1990-1995,9.048074071437565
30,Equatorial Guinea,No notes,226, 1990-1995,..
31,Gabon,No notes,266, 1990-1995,23.05165638810818
32,Sao Tome and Principe,No notes,678, 1990-1995,..
33,Northern Africa,No notes,912, 1990-1995,-3.456178109449675
34,Algeria,No notes,12, 1990-1995,3.4800186788249228
35,Egypt,No notes,818, 1990-1995,22.070974431051454
36,Libya,No notes,434, 1990-1995,..
37,Morocco,No notes,504, 1990-1995,-32.665790036883536
38,Sudan,3,729, 1990-1995,-2.769561843315898
39,Tunisia,No notes,788, 1990-1995,37.90384882184993
40,Western Sahara,No notes,732, 1990-1995,..
41,Southern Africa,No notes,913, 1990-1995,-1.9545466541462313
42,Botswana,No notes,72, 1990-1995,-38.03261825483049
43,Lesotho,No notes,426, 1990-1995,-11.166702697672113
44,Namibia,No notes,516, 1990-1995,..
45,South Africa,No notes,710, 1990-1995,5.346087405129542
46,Swaziland,No notes,748, 1990-1995,-60.42752837442566
47,Western Africa,No notes,914, 1990-1995,8.717580540264494
48,Benin,No notes,204, 1990-1995,18.80358630045769
49,Burkina Faso,No notes,854, 1990-1995,3.3117676301872385
50,Cabo Verde,No notes,132, 1990-1995,..
51,Côte d'Ivoire,No notes,384, 1990-1995,12.951407466112967
52,Gambia,No notes,270, 1990-1995,97.72574230363713
53,Ghana,No notes,288, 1990-1995,51.63807220684568
54,Guinea,No notes,324, 1990-1995,1.5025743100966016
55,Guinea-Bissau,No notes,624, 1990-1995,20.652949669848336
56,Liberia,No notes,430, 1990-1995,121.61712895093689
57,Mali,No notes,466, 1990-1995,3.9567247839871076
58,Mauritania,No notes,478, 1990-1995,-6.72049152506167
59,Niger,No notes,562, 1990-1995,66.34330929037799
60,Nigeria,No notes,566, 1990-1995,16.147339614028684
61,Saint Helena,4,654, 1990-1995,..
62,Senegal,No notes,686, 1990-1995,1.5406093344738816
63,Sierra Leone,No notes,694, 1990-1995,-33.18926187581787
64,Togo,No notes,768, 1990-1995,19.20653503183523
65,Asia,No notes,935, 1990-1995,-3.819460982405059
66,Central Asia,No notes,5500, 1990-1995,54.55952614377938
67,Kazakhstan,No notes,398, 1990-1995,..
68,Kyrgyzstan,No notes,417, 1990-1995,..
69,Tajikistan,No notes,762, 1990-1995,-27.37246814998373
70,Turkmenistan,No notes,795, 1990-1995,..
71,Uzbekistan,No notes,860, 1990-1995,..
72,Eastern Asia,No notes,906, 1990-1995,-3.3794586178722454
73,China,5,156, 1990-1995,-2.9490221040940754
74,"China, Hong Kong Special Administrative Region",6,344, 1990-1995,-13.94410155176887
75,"China, Macao Special Administrative Region",7,446, 1990-1995,..
76,Democratic People's Republic of Korea,No notes,408, 1990-1995,..
77,Japan,No notes,392, 1990-1995,-9.451851762146775
78,Mongolia,No notes,496, 1990-1995,..
79,Republic of Korea,No notes,410, 1990-1995,..
80,South-Eastern Asia,No notes,920, 1990-1995,-4.116325837272531
81,Brunei Darussalam,No notes,96, 1990-1995,..
82,Cambodia,No notes,116, 1990-1995,..
83,Indonesia,No notes,360, 1990-1995,-43.068727670366016
84,Lao People's Democratic Republic,No notes,418, 1990-1995,..
85,Malaysia,8,458, 1990-1995,3.055822833617981
86,Myanmar,No notes,104, 1990-1995,..
87,Philippines,No notes,608, 1990-1995,-70.6060155812786
88,Singapore,No notes,702, 1990-1995,-11.500636640055326
89,Thailand,No notes,764, 1990-1995,-7.218080803457169
90,Timor-Leste,No notes,626, 1990-1995,..
91,Viet Nam,No notes,704, 1990-1995,-2.2824627481444617
92,Southern Asia,No notes,5501, 1990-1995,-7.985276364918151
93,Afghanistan,No notes,4, 1990-1995,128.99347009872616
94,Bangladesh,No notes,50, 1990-1995,99.12644125628034
95,Bhutan,No notes,64, 1990-1995,..
96,India,No notes,356, 1990-1995,15.823010487452633
97,Iran (Islamic Republic of),No notes,364, 1990-1995,-2.973811722744841
98,Maldives,No notes,462, 1990-1995,..
99,Nepal,No notes,524, 1990-1995,30.018007270401686
100,Pakistan,No notes,586, 1990-1995,-9.46506156491099
101,Sri Lanka,No notes,144, 1990-1995,1.6402853976376566
102,Western Asia,No notes,922, 1990-1995,5.570964166767092
103,Armenia,No notes,51, 1990-1995,..
104,Azerbaijan,9,31, 1990-1995,..
105,Bahrain,No notes,48, 1990-1995,-17.305643197358936
106,Cyprus,10,196, 1990-1995,17.268071416516186
107,Georgia,11,268, 1990-1995,..
108,Iraq,No notes,368, 1990-1995,79.92079604093063
109,Israel,No notes,376, 1990-1995,..
110,Jordan,No notes,400, 1990-1995,0.06488569000996941
111,Kuwait,No notes,414, 1990-1995,-41.04888889259297
112,Lebanon,No notes,422, 1990-1995,-0.697346175610278
113,Oman,No notes,512, 1990-1995,..
114,Qatar,No notes,634, 1990-1995,..
115,Saudi Arabia,No notes,682, 1990-1995,-19.021502537805475
116,State of Palestine,12,275, 1990-1995,5.286324092803866
117,Syrian Arab Republic,No notes,760, 1990-1995,2.0075060125911515
118,Turkey,No notes,792, 1990-1995,-18.206282593592054
119,United Arab Emirates,No notes,784, 1990-1995,-7.9122536169980355
120,Yemen,No notes,887, 1990-1995,2.2765492979470765
121,Europe,No notes,908, 1990-1995,13.201700109580926
122,Eastern Europe,No notes,923, 1990-1995,-8.549236718221945
123,Belarus,No notes,112, 1990-1995,..
124,Bulgaria,No notes,100, 1990-1995,..
125,Czech Republic,No notes,203, 1990-1995,..
126,Hungary,No notes,348, 1990-1995,-20.606655167591153
127,Poland,No notes,616, 1990-1995,..
128,Republic of Moldova,13,498, 1990-1995,..
129,Romania,No notes,642, 1990-1995,..
130,Russian Federation,No notes,643, 1990-1995,..
131,Slovakia,No notes,703, 1990-1995,..
132,Ukraine,No notes,804, 1990-1995,..
133,Northern Europe,No notes,924, 1990-1995,10.016359423576922
134,Channel Islands,14,830, 1990-1995,..
135,Denmark,No notes,208, 1990-1995,4.326392152652272
136,Estonia,No notes,233, 1990-1995,..
137,Faeroe Islands,No notes,234, 1990-1995,..
138,Finland,15,246, 1990-1995,15.989000924582164
139,Iceland,No notes,352, 1990-1995,18.75823790877387
140,Ireland,No notes,372, 1990-1995,0.6003647266917345
141,Isle of Man,No notes,833, 1990-1995,..
142,Latvia,No notes,428, 1990-1995,..
143,Lithuania,No notes,440, 1990-1995,..
144,Norway,16,578, 1990-1995,13.932686979315529
145,Sweden,No notes,752, 1990-1995,5.942125843952627
146,United Kingdom of Great Britain and Northern Ireland,No notes,826, 1990-1995,12.19874713012257
147,Southern Europe,No notes,925, 1990-1995,53.352023899510684
148,Albania,No notes,8, 1990-1995,7.507895984749643
149,Andorra,No notes,20, 1990-1995,..
150,Bosnia and Herzegovina,No notes,70, 1990-1995,..
151,Croatia,No notes,191, 1990-1995,..
152,Gibraltar,No notes,292, 1990-1995,..
153,Greece,No notes,300, 1990-1995,-18.356669768438294
154,Holy See,17,336, 1990-1995,..
155,Italy,No notes,380, 1990-1995,-9.835747819774596
156,Malta,No notes,470, 1990-1995,..
157,Montenegro,No notes,499, 1990-1995,..
158,Portugal,No notes,620, 1990-1995,-29.05311043946433
159,San Marino,No notes,674, 1990-1995,..
160,Serbia,18,688, 1990-1995,84.635627247434
161,Slovenia,No notes,705, 1990-1995,..
162,Spain,19,724, 1990-1995,-11.323945164705943
163,The former Yugoslav Republic of Macedonia,No notes,807, 1990-1995,..
164,Western Europe,No notes,926, 1990-1995,7.147275128505923
165,Austria,No notes,40, 1990-1995,0.4919901365680148
166,Belgium,No notes,56, 1990-1995,4.315403391799463
167,France,No notes,250, 1990-1995,-4.318952446247046
168,Germany,No notes,276, 1990-1995,6.673321380184283
169,Liechtenstein,No notes,438, 1990-1995,..
170,Luxembourg,No notes,442, 1990-1995,12.15428877084536
171,Monaco,No notes,492, 1990-1995,..
172,Netherlands,No notes,528, 1990-1995,28.189329184619442
173,Switzerland,No notes,756, 1990-1995,12.913326771839431
174,Latin America and the Caribbean,No notes,904, 1990-1995,-23.096408191995625
175,Caribbean,No notes,915, 1990-1995,-14.394376554244618
176,Anguilla,No notes,660, 1990-1995,..
177,Antigua and Barbuda,No notes,28, 1990-1995,..
178,Aruba,No notes,533, 1990-1995,..
179,Bahamas,No notes,44, 1990-1995,..
180,Barbados,No notes,52, 1990-1995,..
181,"Bonaire, Sint Eustatius and Saba",20,535, 1990-1995,..
182,British Virgin Islands,No notes,92, 1990-1995,..
183,Cayman Islands,No notes,136, 1990-1995,..
184,Cuba,No notes,192, 1990-1995,-4.000220475611612
185,Curaçao,No notes,531, 1990-1995,..
186,Dominica,No notes,212, 1990-1995,..
187,Dominican Republic,No notes,214, 1990-1995,-21.84034870286739
188,Grenada,No notes,308, 1990-1995,..
189,Guadeloupe,21,312, 1990-1995,..
190,Haiti,No notes,332, 1990-1995,..
191,Jamaica,No notes,388, 1990-1995,..
192,Martinique,No notes,474, 1990-1995,..
193,Montserrat,No notes,500, 1990-1995,..
194,Puerto Rico,No notes,630, 1990-1995,..
195,Saint Kitts and Nevis,No notes,659, 1990-1995,..
196,Saint Lucia,No notes,662, 1990-1995,..
197,Saint Vincent and the Grenadines,No notes,670, 1990-1995,..
198,Sint Maarten (Dutch part),No notes,534, 1990-1995,..
199,Trinidad and Tobago,No notes,780, 1990-1995,..
200,Turks and Caicos Islands,No notes,796, 1990-1995,..
201,United States Virgin Islands,No notes,850, 1990-1995,..
202,Central America,No notes,916, 1990-1995,-19.320536208034778
203,Belize,No notes,84, 1990-1995,-26.817569951788155
204,Costa Rica,No notes,188, 1990-1995,-46.03526897642298
205,El Salvador,No notes,222, 1990-1995,-10.210245972349519
206,Guatemala,No notes,320, 1990-1995,-3.2806833554177532
207,Honduras,No notes,340, 1990-1995,-2.0003507527992
208,Mexico,No notes,484, 1990-1995,-36.062248312355635
209,Nicaragua,No notes,558, 1990-1995,-57.10683272231931
210,Panama,No notes,591, 1990-1995,-11.28589351655479
211,South America,No notes,931, 1990-1995,4.269253223117335
212,Argentina,No notes,32, 1990-1995,-9.630807751560038
213,Bolivia (Plurinational State of),No notes,68, 1990-1995,18.89206383343631
214,Brazil,No notes,76, 1990-1995,27.51749863284615
215,Chile,No notes,152, 1990-1995,1.993989477909872
216,Colombia,No notes,170, 1990-1995,-7.540121828509677
217,Ecuador,No notes,218, 1990-1995,-3.060347213768048
218,Falkland Islands (Malvinas),No notes,238, 1990-1995,..
219,French Guiana,No notes,254, 1990-1995,-15.811169794438376
220,Guyana,No notes,328, 1990-1995,..
221,Paraguay,No notes,600, 1990-1995,1.6523539036621002
222,Peru,No notes,604, 1990-1995,-0.2510350124801751
223,Suriname,No notes,740, 1990-1995,..
224,Uruguay,No notes,858, 1990-1995,9.317063398147868
225,Venezuela (Bolivarian Republic of),No notes,862, 1990-1995,-1.5323460294517148
226,Northern America,No notes,905, 1990-1995,1.917002932687018
227,Bermuda,No notes,60, 1990-1995,..
228,Canada,No notes,124, 1990-1995,-1.3897917647913849
229,Greenland,No notes,304, 1990-1995,..
230,Saint Pierre and Miquelon,No notes,666, 1990-1995,..
231,United States of America,No notes,840, 1990-1995,3.010459057893113
232,Oceania,No notes,909, 1990-1995,-4.615625947667542
233,Australia and New Zealand,No notes,927, 1990-1995,-5.441682539495394
234,Australia,22,36, 1990-1995,-5.250061563971201
235,New Zealand,No notes,554, 1990-1995,-6.882500366983726
236,Melanesia,No notes,928, 1990-1995,4.622348153448309
237,Fiji,No notes,242, 1990-1995,..
238,New Caledonia,No notes,540, 1990-1995,..
239,Papua New Guinea,No notes,598, 1990-1995,5.551571703673961
240,Solomon Islands,No notes,90, 1990-1995,..
241,Vanuatu,No notes,548, 1990-1995,..
242,Micronesia,No notes,954, 1990-1995,..
243,Guam,No notes,316, 1990-1995,..
244,Kiribati,No notes,296, 1990-1995,..
245,Marshall Islands,No notes,584, 1990-1995,..
246,Micronesia (Federated States of),No notes,583, 1990-1995,..
247,Nauru,No notes,520, 1990-1995,..
248,Northern Mariana Islands,No notes,580, 1990-1995,..
249,Palau,No notes,585, 1990-1995,..
250,Polynesia,No notes,957, 1990-1995,..
251,American Samoa,No notes,16, 1990-1995,..
252,Cook Islands,No notes,184, 1990-1995,..
253,French Polynesia,No notes,258, 1990-1995,..
254,Niue,No notes,570, 1990-1995,..
255,Samoa,No notes,882, 1990-1995,..
256,Tokelau,No notes,772, 1990-1995,..
257,Tonga,No notes,776, 1990-1995,..
258,Tuvalu,No notes,798, 1990-1995,..
259,Wallis and Futuna Islands,No notes,876, 1990-1995,..
260,Sub-Saharan Africa,e,947, 1995-2000,-8.15972328459933
261,Africa,No notes,903, 1995-2000,-8.003244426086516
262,Eastern Africa,No notes,910, 1995-2000,-3.684244207449355
263,Burundi,No notes,108, 1995-2000,-22.903336934690902
264,Comoros,No notes,174, 1995-2000,14.064834430765544
265,Djibouti,No notes,262, 1995-2000,-3.3593304395703307
266,Eritrea,No notes,232, 1995-2000,11.236525941589692
267,Ethiopia,No notes,231, 1995-2000,-8.189765965038449
268,Kenya,No notes,404, 1995-2000,-5.03849421136358
269,Madagascar,No notes,450, 1995-2000,..
270,Malawi,No notes,454, 1995-2000,27.622264259434274
271,Mauritius,1,480, 1995-2000,..
272,Mayotte,No notes,175, 1995-2000,..
273,Mozambique,No notes,508, 1995-2000,6.5916412875858175
274,Réunion,No notes,638, 1995-2000,..
275,Rwanda,No notes,646, 1995-2000,-4.4325533404205
276,Seychelles,No notes,690, 1995-2000,..
277,Somalia,No notes,706, 1995-2000,-2.865322502256772
278,South Sudan,No notes,728, 1995-2000,..
279,Uganda,No notes,800, 1995-2000,0.6216786348351812
280,United Republic of Tanzania,2,834, 1995-2000,-0.4470242709904906
281,Zambia,No notes,894, 1995-2000,5.831507921298549
282,Zimbabwe,No notes,716, 1995-2000,42.66915848443493
283,Middle Africa,No notes,911, 1995-2000,-10.55062629748586
284,Angola,No notes,24, 1995-2000,-0.9745678561846884
285,Cameroon,No notes,120, 1995-2000,0.9624280038796663
286,Central African Republic,No notes,140, 1995-2000,5.659471408316769
287,Chad,No notes,148, 1995-2000,100.37164185099674
288,Congo,No notes,178, 1995-2000,27.67045671431982
289,Democratic Republic of the Congo,No notes,180, 1995-2000,-11.380561433416828
290,Equatorial Guinea,No notes,226, 1995-2000,..
291,Gabon,No notes,266, 1995-2000,57.563199640712945
292,Sao Tome and Principe,No notes,678, 1995-2000,..
293,Northern Africa,No notes,912, 1995-2000,-5.499021358569714
294,Algeria,No notes,12, 1995-2000,-1.8554096349122733
295,Egypt,No notes,818, 1995-2000,3.5157733101205157
296,Libya,No notes,434, 1995-2000,19.119838022357964
297,Morocco,No notes,504, 1995-2000,71.86003105506582
298,Sudan,3,729, 1995-2000,-4.248372750620126
299,Tunisia,No notes,788, 1995-2000,-1.805410869354868
300,Western Sahara,No notes,732, 1995-2000,..
301,Southern Africa,No notes,913, 1995-2000,-16.80523070123438
302,Botswana,No notes,72, 1995-2000,44.80770875836112
303,Lesotho,No notes,426, 1995-2000,-137.24164423273805
304,Namibia,No notes,516, 1995-2000,52.65731702138658
305,South Africa,No notes,710, 1995-2000,-38.09868285567228
306,Swaziland,No notes,748, 1995-2000,1.1911766219754643
307,Western Africa,No notes,914, 1995-2000,-11.947249828031135
308,Benin,No notes,204, 1995-2000,5.962316008486574
309,Burkina Faso,No notes,854, 1995-2000,1.9244064389498339
310,Cabo Verde,No notes,132, 1995-2000,..
311,Côte d'Ivoire,No notes,384, 1995-2000,-17.262575814577602
312,Gambia,No notes,270, 1995-2000,8.180903694739627
313,Ghana,No notes,288, 1995-2000,-31.589890181772812
314,Guinea,No notes,324, 1995-2000,-2.5856389967192888
315,Guinea-Bissau,No notes,624, 1995-2000,-7.837028361218448
316,Liberia,No notes,430, 1995-2000,-4.645348459217589
317,Mali,No notes,466, 1995-2000,-16.57492138436327
318,Mauritania,No notes,478, 1995-2000,-82.84449851025784
319,Niger,No notes,562, 1995-2000,-119.76949954644445
320,Nigeria,No notes,566, 1995-2000,-3.2535241189984507
321,Saint Helena,4,654, 1995-2000,..
322,Senegal,No notes,686, 1995-2000,-17.255311784301963
323,Sierra Leone,No notes,694, 1995-2000,-9.605425699770317
324,Togo,No notes,768, 1995-2000,-3.7765284730051976
325,Asia,No notes,935, 1995-2000,1.7324246364713347
326,Central Asia,No notes,5500, 1995-2000,19.744028093959493
327,Kazakhstan,No notes,398, 1995-2000,16.310362739339585
328,Kyrgyzstan,No notes,417, 1995-2000,19.260643320046114
329,Tajikistan,No notes,762, 1995-2000,67.23858421655922
330,Turkmenistan,No notes,795, 1995-2000,-5.445621376473777
331,Uzbekistan,No notes,860, 1995-2000,55.0902322585552
332,Eastern Asia,No notes,906, 1995-2000,-3.0733365764442118
333,China,5,156, 1995-2000,-2.5044579015788844
334,"China, Hong Kong Special Administrative Region",6,344, 1995-2000,-36.413840952921724
335,"China, Macao Special Administrative Region",7,446, 1995-2000,..
336,Democratic People's Republic of Korea,No notes,408, 1995-2000,..
337,Japan,No notes,392, 1995-2000,-10.987542649399277
338,Mongolia,No notes,496, 1995-2000,..
339,Republic of Korea,No notes,410, 1995-2000,-9.924282456674637
340,South-Eastern Asia,No notes,920, 1995-2000,7.104322238143141
341,Brunei Darussalam,No notes,96, 1995-2000,..
342,Cambodia,No notes,116, 1995-2000,7.168142733606135
343,Indonesia,No notes,360, 1995-2000,136.37781226344265
344,Lao People's Democratic Republic,No notes,418, 1995-2000,..
345,Malaysia,8,458, 1995-2000,9.258167167217197
346,Myanmar,No notes,104, 1995-2000,..
347,Philippines,No notes,608, 1995-2000,-38.41229417344431
348,Singapore,No notes,702, 1995-2000,..
349,Thailand,No notes,764, 1995-2000,-9.111515905033288
350,Timor-Leste,No notes,626, 1995-2000,..
351,Viet Nam,No notes,704, 1995-2000,-17.413753308488314
352,Southern Asia,No notes,5501, 1995-2000,2.7345427762970838
353,Afghanistan,No notes,4, 1995-2000,..
354,Bangladesh,No notes,50, 1995-2000,12.691028714043126
355,Bhutan,No notes,64, 1995-2000,..
356,India,No notes,356, 1995-2000,-4.094758475317599
357,Iran (Islamic Republic of),No notes,364, 1995-2000,-1.313759747607739
358,Maldives,No notes,462, 1995-2000,..
359,Nepal,No notes,524, 1995-2000,-0.0801704475207511
360,Pakistan,No notes,586, 1995-2000,7.574350809584731
361,Sri Lanka,No notes,144, 1995-2000,0.3502491546312611
362,Western Asia,No notes,922, 1995-2000,0.7634380618302221
363,Armenia,No notes,51, 1995-2000,6.029445505426408
364,Azerbaijan,9,31, 1995-2000,-28.070784259939174
365,Bahrain,No notes,48, 1995-2000,-138.85086156420172
366,Cyprus,10,196, 1995-2000,5.497316920604295
367,Georgia,11,268, 1995-2000,18.702842297063697
368,Iraq,No notes,368, 1995-2000,0.7315816059131601
369,Israel,No notes,376, 1995-2000,13.213795398828127
370,Jordan,No notes,400, 1995-2000,0.03848322678892161
371,Kuwait,No notes,414, 1995-2000,-7.522297163308177
372,Lebanon,No notes,422, 1995-2000,-0.5437149096573528
373,Oman,No notes,512, 1995-2000,..
374,Qatar,No notes,634, 1995-2000,..
375,Saudi Arabia,No notes,682, 1995-2000,-18.711095815543853
376,State of Palestine,12,275, 1995-2000,4.3562017948522564
377,Syrian Arab Republic,No notes,760, 1995-2000,1.2652545426315993
378,Turkey,No notes,792, 1995-2000,-29.443537740685798
379,United Arab Emirates,No notes,784, 1995-2000,0.5811057409225303
380,Yemen,No notes,887, 1995-2000,1.4831342176874953
381,Europe,No notes,908, 1995-2000,-4.9428779471724775
382,Eastern Europe,No notes,923, 1995-2000,12.355875330832744
383,Belarus,No notes,112, 1995-2000,14.893284554400527
384,Bulgaria,No notes,100, 1995-2000,-3.5990242659501357
385,Czech Republic,No notes,203, 1995-2000,-21.486632915542366
386,Hungary,No notes,348, 1995-2000,-15.65754883742166
387,Poland,No notes,616, 1995-2000,13.73567510416954
388,Republic of Moldova,13,498, 1995-2000,..
389,Romania,No notes,642, 1995-2000,44.46852135363024
390,Russian Federation,No notes,643, 1995-2000,..
391,Slovakia,No notes,703, 1995-2000,-20.161835926327647
392,Ukraine,No notes,804, 1995-2000,-9.095013721752133
393,Northern Europe,No notes,924, 1995-2000,1.8186134915109953
394,Channel Islands,14,830, 1995-2000,..
395,Denmark,No notes,208, 1995-2000,2.3255581697875622
396,Estonia,No notes,233, 1995-2000,18.57213533501086
397,Faeroe Islands,No notes,234, 1995-2000,..
398,Finland,15,246, 1995-2000,4.551159112273564
399,Iceland,No notes,352, 1995-2000,6.2524017750638565
400,Ireland,No notes,372, 1995-2000,29.408503750907304
401,Isle of Man,No notes,833, 1995-2000,..
402,Latvia,No notes,428, 1995-2000,15.668962381817478
403,Lithuania,No notes,440, 1995-2000,..
404,Norway,16,578, 1995-2000,-4.4824187685756005
405,Sweden,No notes,752, 1995-2000,-6.1326118049906215
406,United Kingdom of Great Britain and Northern Ireland,No notes,826, 1995-2000,11.752859408347886
407,Southern Europe,No notes,925, 1995-2000,-12.067987164508402
408,Albania,No notes,8, 1995-2000,-45.253018161082565
409,Andorra,No notes,20, 1995-2000,..
410,Bosnia and Herzegovina,No notes,70, 1995-2000,..
411,Croatia,No notes,191, 1995-2000,-40.79165803701394
412,Gibraltar,No notes,292, 1995-2000,..
413,Greece,No notes,300, 1995-2000,2.3946803093557816
414,Holy See,17,336, 1995-2000,..
415,Italy,No notes,380, 1995-2000,-11.158705785322178
416,Malta,No notes,470, 1995-2000,-19.537368276695837
417,Montenegro,No notes,499, 1995-2000,..
418,Portugal,No notes,620, 1995-2000,7.125239472097097
419,San Marino,No notes,674, 1995-2000,..
420,Serbia,18,688, 1995-2000,-8.557887168475297
421,Slovenia,No notes,705, 1995-2000,-41.00410419002064
422,Spain,19,724, 1995-2000,-6.160892268293186
423,The former Yugoslav Republic of Macedonia,No notes,807, 1995-2000,-2.7781777350526053
424,Western Europe,No notes,926, 1995-2000,-6.939957499871535
425,Austria,No notes,40, 1995-2000,0.382736942997705
426,Belgium,No notes,56, 1995-2000,-9.675310064297319
427,France,No notes,250, 1995-2000,-3.9955412446538072
428,Germany,No notes,276, 1995-2000,-10.446751383509167
429,Liechtenstein,No notes,438, 1995-2000,..
430,Luxembourg,No notes,442, 1995-2000,-0.43621693118735844
431,Monaco,No notes,492, 1995-2000,..
432,Netherlands,No notes,528, 1995-2000,9.164726248677676
433,Switzerland,No notes,756, 1995-2000,-8.480356302186602
434,Latin America and the Caribbean,No notes,904, 1995-2000,-41.21318304406496
435,Caribbean,No notes,915, 1995-2000,-17.38424168591171
436,Anguilla,No notes,660, 1995-2000,..
437,Antigua and Barbuda,No notes,28, 1995-2000,..
438,Aruba,No notes,533, 1995-2000,..
439,Bahamas,No notes,44, 1995-2000,11.039210233365896
440,Barbados,No notes,52, 1995-2000,..
441,"Bonaire, Sint Eustatius and Saba",20,535, 1995-2000,..
442,British Virgin Islands,No notes,92, 1995-2000,..
443,Cayman Islands,No notes,136, 1995-2000,..
444,Cuba,No notes,192, 1995-2000,-11.219346878192557
445,Curaçao,No notes,531, 1995-2000,..
446,Dominica,No notes,212, 1995-2000,..
447,Dominican Republic,No notes,214, 1995-2000,-15.064743152085041
448,Grenada,No notes,308, 1995-2000,..
449,Guadeloupe,21,312, 1995-2000,..
450,Haiti,No notes,332, 1995-2000,..
451,Jamaica,No notes,388, 1995-2000,11.982612980874448
452,Martinique,No notes,474, 1995-2000,..
453,Montserrat,No notes,500, 1995-2000,..
454,Puerto Rico,No notes,630, 1995-2000,..
455,Saint Kitts and Nevis,No notes,659, 1995-2000,..
456,Saint Lucia,No notes,662, 1995-2000,..
457,Saint Vincent and the Grenadines,No notes,670, 1995-2000,..
458,Sint Maarten (Dutch part),No notes,534, 1995-2000,..
459,Trinidad and Tobago,No notes,780, 1995-2000,..
460,Turks and Caicos Islands,No notes,796, 1995-2000,..
461,United States Virgin Islands,No notes,850, 1995-2000,..
462,Central America,No notes,916, 1995-2000,-39.422102828396596
463,Belize,No notes,84, 1995-2000,0.5500236915250322
464,Costa Rica,No notes,188, 1995-2000,-22.81645291071855
465,El Salvador,No notes,222, 1995-2000,-105.59356777708655
466,Guatemala,No notes,320, 1995-2000,-77.22338075715263
467,Honduras,No notes,340, 1995-2000,-152.54114698920694
468,Mexico,No notes,484, 1995-2000,-18.020928110016055
469,Nicaragua,No notes,558, 1995-2000,-13.703255037931255
470,Panama,No notes,591, 1995-2000,5.035988567098112
471,South America,No notes,931, 1995-2000,-37.92991704601731
472,Argentina,No notes,32, 1995-2000,-21.7310382144935
473,Bolivia (Plurinational State of),No notes,68, 1995-2000,-15.260352484757203
474,Brazil,No notes,76, 1995-2000,..
475,Chile,No notes,152, 1995-2000,1.06065691277813
476,Colombia,No notes,170, 1995-2000,-11.526103318996805
477,Ecuador,No notes,218, 1995-2000,-1.7949667856885037
478,Falkland Islands (Malvinas),No notes,238, 1995-2000,..
479,French Guiana,No notes,254, 1995-2000,..
480,Guyana,No notes,328, 1995-2000,..
481,Paraguay,No notes,600, 1995-2000,-18.07952859532268
482,Peru,No notes,604, 1995-2000,-0.7374110087322664
483,Suriname,No notes,740, 1995-2000,..
484,Uruguay,No notes,858, 1995-2000,-9.266977280446568
485,Venezuela (Bolivarian Republic of),No notes,862, 1995-2000,-49.93641905216754
486,Northern America,No notes,905, 1995-2000,-7.8636839770766365
487,Bermuda,No notes,60, 1995-2000,..
488,Canada,No notes,124, 1995-2000,-6.400968420621231
489,Greenland,No notes,304, 1995-2000,..
490,Saint Pierre and Miquelon,No notes,666, 1995-2000,..
491,United States of America,No notes,840, 1995-2000,-8.118718250172316
492,Oceania,No notes,909, 1995-2000,-3.6907750762052287
493,Australia and New Zealand,No notes,927, 1995-2000,-2.9972634856906257
494,Australia,22,36, 1995-2000,-3.1779638443099425
495,New Zealand,No notes,554, 1995-2000,2.549224652795523
496,Melanesia,No notes,928, 1995-2000,-9.28787716999978
497,Fiji,No notes,242, 1995-2000,..
498,New Caledonia,No notes,540, 1995-2000,..
499,Papua New Guinea,No notes,598, 1995-2000,-4.075845410117875
500,Solomon Islands,No notes,90, 1995-2000,..
501,Vanuatu,No notes,548, 1995-2000,..
502,Micronesia,No notes,954, 1995-2000,..
503,Guam,No notes,316, 1995-2000,..
504,Kiribati,No notes,296, 1995-2000,..
505,Marshall Islands,No notes,584, 1995-2000,..
506,Micronesia (Federated States of),No notes,583, 1995-2000,..
507,Nauru,No notes,520, 1995-2000,..
508,Northern Mariana Islands,No notes,580, 1995-2000,..
509,Palau,No notes,585, 1995-2000,..
510,Polynesia,No notes,957, 1995-2000,..
511,American Samoa,No notes,16, 1995-2000,..
512,Cook Islands,No notes,184, 1995-2000,..
513,French Polynesia,No notes,258, 1995-2000,..
514,Niue,No notes,570, 1995-2000,..
515,Samoa,No notes,882, 1995-2000,..
516,Tokelau,No notes,772, 1995-2000,..
517,Tonga,No notes,776, 1995-2000,..
518,Tuvalu,No notes,798, 1995-2000,..
519,Wallis and Futuna Islands,No notes,876, 1995-2000,..
520,Sub-Saharan Africa,e,947, 2000-2005,-6.176903791693681
521,Africa,No notes,903, 2000-2005,-5.953975969788049
522,Eastern Africa,No notes,910, 2000-2005,-2.491295638335326
523,Burundi,No notes,108, 2000-2005,-11.817674031110696
524,Comoros,No notes,174, 2000-2005,-12.988989404645087
525,Djibouti,No notes,262, 2000-2005,-14.239600549360013
526,Eritrea,No notes,232, 2000-2005,14.011684663883454
527,Ethiopia,No notes,231, 2000-2005,-10.034433568868776
528,Kenya,No notes,404, 2000-2005,2.375355983513172
529,Madagascar,No notes,450, 2000-2005,..
530,Malawi,No notes,454, 2000-2005,2.636874985359011
531,Mauritius,1,480, 2000-2005,..
532,Mayotte,No notes,175, 2000-2005,..
533,Mozambique,No notes,508, 2000-2005,43.986555331973435
534,Réunion,No notes,638, 2000-2005,..
535,Rwanda,No notes,646, 2000-2005,9.07341023354078
536,Seychelles,No notes,690, 2000-2005,..
537,Somalia,No notes,706, 2000-2005,-3.0492064475977356
538,South Sudan,No notes,728, 2000-2005,..
539,Uganda,No notes,800, 2000-2005,1.1047363271783712
540,United Republic of Tanzania,2,834, 2000-2005,-0.5968953746047705
541,Zambia,No notes,894, 2000-2005,-2.892765783898339
542,Zimbabwe,No notes,716, 2000-2005,2.3041176715327287
543,Middle Africa,No notes,911, 2000-2005,-0.6290834892658981
544,Angola,No notes,24, 2000-2005,-3.7556636723444474
545,Cameroon,No notes,120, 2000-2005,-0.22399096710232605
546,Central African Republic,No notes,140, 2000-2005,-10.98756592916604
547,Chad,No notes,148, 2000-2005,30.67281189858459
548,Congo,No notes,178, 2000-2005,-13.118939872267005
549,Democratic Republic of the Congo,No notes,180, 2000-2005,-6.173038467208122
550,Equatorial Guinea,No notes,226, 2000-2005,..
551,Gabon,No notes,266, 2000-2005,-16.693041448138757
552,Sao Tome and Principe,No notes,678, 2000-2005,..
553,Northern Africa,No notes,912, 2000-2005,-10.1619388568919
554,Algeria,No notes,12, 2000-2005,-11.319865720848203
555,Egypt,No notes,818, 2000-2005,42.58277854244721
556,Libya,No notes,434, 2000-2005,-0.8879368257960669
557,Morocco,No notes,504, 2000-2005,-45.76087697829426
558,Sudan,3,729, 2000-2005,-12.884493236055722
559,Tunisia,No notes,788, 2000-2005,-7.961134164310018
560,Western Sahara,No notes,732, 2000-2005,..
561,Southern Africa,No notes,913, 2000-2005,-6.8729877607907
562,Botswana,No notes,72, 2000-2005,-11.509357023375502
563,Lesotho,No notes,426, 2000-2005,-0.3949714940598694
564,Namibia,No notes,516, 2000-2005,-28.033633662122213
565,South Africa,No notes,710, 2000-2005,9.796132638323181
566,Swaziland,No notes,748, 2000-2005,-1.4725254635609009
567,Western Africa,No notes,914, 2000-2005,-17.781360144924598
568,Benin,No notes,204, 2000-2005,1.7191194258851774
569,Burkina Faso,No notes,854, 2000-2005,-5.140515247461059
570,Cabo Verde,No notes,132, 2000-2005,..
571,Côte d'Ivoire,No notes,384, 2000-2005,-21.456375620951608
572,Gambia,No notes,270, 2000-2005,-8.074105499298886
573,Ghana,No notes,288, 2000-2005,19.061407878619548
574,Guinea,No notes,324, 2000-2005,-20.282973453148262
575,Guinea-Bissau,No notes,624, 2000-2005,-0.20146793095853827
576,Liberia,No notes,430, 2000-2005,-27.289415667436405
577,Mali,No notes,466, 2000-2005,-0.29664365975011814
578,Mauritania,No notes,478, 2000-2005,11.55830800443687
579,Niger,No notes,562, 2000-2005,32.5764952996859
580,Nigeria,No notes,566, 2000-2005,-1.3653854387320359
581,Saint Helena,4,654, 2000-2005,..
582,Senegal,No notes,686, 2000-2005,-0.0005092640172317571
583,Sierra Leone,No notes,694, 2000-2005,35.885303964223944
584,Togo,No notes,768, 2000-2005,-13.26623130925942
585,Asia,No notes,935, 2000-2005,-4.039499650615315
586,Central Asia,No notes,5500, 2000-2005,-6.368752446975826
587,Kazakhstan,No notes,398, 2000-2005,-19.344815518505598
588,Kyrgyzstan,No notes,417, 2000-2005,-5.353030216474918
589,Tajikistan,No notes,762, 2000-2005,-52.98456887766586
590,Turkmenistan,No notes,795, 2000-2005,-2.906653924314077
591,Uzbekistan,No notes,860, 2000-2005,3.836539589920216
592,Eastern Asia,No notes,906, 2000-2005,-2.7846584744883716
593,China,5,156, 2000-2005,-5.553482248149107
594,"China, Hong Kong Special Administrative Region",6,344, 2000-2005,-11.31017161600016
595,"China, Macao Special Administrative Region",7,446, 2000-2005,..
596,Democratic People's Republic of Korea,No notes,408, 2000-2005,..
597,Japan,No notes,392, 2000-2005,-16.719500840096263
598,Mongolia,No notes,496, 2000-2005,..
599,Republic of Korea,No notes,410, 2000-2005,35.0994094394292
600,South-Eastern Asia,No notes,920, 2000-2005,-19.904109457055625
601,Brunei Darussalam,No notes,96, 2000-2005,..
602,Cambodia,No notes,116, 2000-2005,31.777844573357
603,Indonesia,No notes,360, 2000-2005,-117.08461484040049
604,Lao People's Democratic Republic,No notes,418, 2000-2005,..
605,Malaysia,8,458, 2000-2005,-14.068474813549377
606,Myanmar,No notes,104, 2000-2005,..
607,Philippines,No notes,608, 2000-2005,-7.893623276061325
608,Singapore,No notes,702, 2000-2005,..
609,Thailand,No notes,764, 2000-2005,-8.666441236193457
610,Timor-Leste,No notes,626, 2000-2005,..
611,Viet Nam,No notes,704, 2000-2005,-36.39603471607807
612,Southern Asia,No notes,5501, 2000-2005,-8.510689401356327
613,Afghanistan,No notes,4, 2000-2005,..
614,Bangladesh,No notes,50, 2000-2005,31.58472627350711
615,Bhutan,No notes,64, 2000-2005,..
616,India,No notes,356, 2000-2005,-2.514088088177536
617,Iran (Islamic Republic of),No notes,364, 2000-2005,-11.094558155345076
618,Maldives,No notes,462, 2000-2005,..
619,Nepal,No notes,524, 2000-2005,0.6624931409582596
620,Pakistan,No notes,586, 2000-2005,-6.718041123926858
621,Sri Lanka,No notes,144, 2000-2005,38.1213141943482
622,Western Asia,No notes,922, 2000-2005,0.5017855327818065
623,Armenia,No notes,51, 2000-2005,1.8575676093473028
624,Azerbaijan,9,31, 2000-2005,-53.330831744263804
625,Bahrain,No notes,48, 2000-2005,77.90708097914789
626,Cyprus,10,196, 2000-2005,31.943797890206138
627,Georgia,11,268, 2000-2005,-10.158706318790797
628,Iraq,No notes,368, 2000-2005,-9.498269524094864
629,Israel,No notes,376, 2000-2005,-6.526927447302019
630,Jordan,No notes,400, 2000-2005,0.7947055788783097
631,Kuwait,No notes,414, 2000-2005,-15.357586759423919
632,Lebanon,No notes,422, 2000-2005,0.302693528906207
633,Oman,No notes,512, 2000-2005,..
634,Qatar,No notes,634, 2000-2005,-3.818470965270547
635,Saudi Arabia,No notes,682, 2000-2005,72.05689515393068
636,State of Palestine,12,275, 2000-2005,4.1900007881617745
637,Syrian Arab Republic,No notes,760, 2000-2005,2.101779506799708
638,Turkey,No notes,792, 2000-2005,-5.735160879059604
639,United Arab Emirates,No notes,784, 2000-2005,-39.61080433977154
640,Yemen,No notes,887, 2000-2005,2.5467063599458664
641,Europe,No notes,908, 2000-2005,-7.804307575945657
642,Eastern Europe,No notes,923, 2000-2005,-8.392019134885176
643,Belarus,No notes,112, 2000-2005,5.855457919905256
644,Bulgaria,No notes,100, 2000-2005,15.08052099906797
645,Czech Republic,No notes,203, 2000-2005,0.699122650901287
646,Hungary,No notes,348, 2000-2005,5.183154757932297
647,Poland,No notes,616, 2000-2005,32.801611387872626
648,Republic of Moldova,13,498, 2000-2005,11.30471817184346
649,Romania,No notes,642, 2000-2005,1.298637092821562
650,Russian Federation,No notes,643, 2000-2005,-56.5561312767093
651,Slovakia,No notes,703, 2000-2005,-6.621567662427777
652,Ukraine,No notes,804, 2000-2005,-2.7843895114682096
653,Northern Europe,No notes,924, 2000-2005,-3.5970029715564964
654,Channel Islands,14,830, 2000-2005,..
655,Denmark,No notes,208, 2000-2005,-12.732295823184502
656,Estonia,No notes,233, 2000-2005,48.3367949373007
657,Faeroe Islands,No notes,234, 2000-2005,..
658,Finland,15,246, 2000-2005,-10.522135319458506
659,Iceland,No notes,352, 2000-2005,-17.560278952157198
660,Ireland,No notes,372, 2000-2005,9.075189886950337
661,Isle of Man,No notes,833, 2000-2005,..
662,Latvia,No notes,428, 2000-2005,36.48719217775454
663,Lithuania,No notes,440, 2000-2005,46.61025796495021
664,Norway,16,578, 2000-2005,-6.2762277801657955
665,Sweden,No notes,752, 2000-2005,-17.119723329970167
666,United Kingdom of Great Britain and Northern Ireland,No notes,826, 2000-2005,5.236703601811591
667,Southern Europe,No notes,925, 2000-2005,-27.430242015798896
668,Albania,No notes,8, 2000-2005,-31.775281239343045
669,Andorra,No notes,20, 2000-2005,..
670,Bosnia and Herzegovina,No notes,70, 2000-2005,-14.053108697618951
671,Croatia,No notes,191, 2000-2005,-40.5277224793778
672,Gibraltar,No notes,292, 2000-2005,..
673,Greece,No notes,300, 2000-2005,-21.28523865351884
674,Holy See,17,336, 2000-2005,..
675,Italy,No notes,380, 2000-2005,10.88294287306863
676,Malta,No notes,470, 2000-2005,43.81627364837343
677,Montenegro,No notes,499, 2000-2005,..
678,Portugal,No notes,620, 2000-2005,-6.900549440662536
679,San Marino,No notes,674, 2000-2005,..
680,Serbia,18,688, 2000-2005,-19.00317139102753
681,Slovenia,No notes,705, 2000-2005,-51.20909454971295
682,Spain,19,724, 2000-2005,-23.400918191957782
683,The former Yugoslav Republic of Macedonia,No notes,807, 2000-2005,-39.52817751889132
684,Western Europe,No notes,926, 2000-2005,-6.282244962976527
685,Austria,No notes,40, 2000-2005,-3.9275722470528103
686,Belgium,No notes,56, 2000-2005,-4.583467324178986
687,France,No notes,250, 2000-2005,-0.4865584097844504
688,Germany,No notes,276, 2000-2005,-7.871859769059498
689,Liechtenstein,No notes,438, 2000-2005,11.25653207042325
690,Luxembourg,No notes,442, 2000-2005,16.015931646470264
691,Monaco,No notes,492, 2000-2005,..
692,Netherlands,No notes,528, 2000-2005,-6.437509759563409
693,Switzerland,No notes,756, 2000-2005,-6.437242069321059
694,Latin America and the Caribbean,No notes,904, 2000-2005,-0.5392404784725078
695,Caribbean,No notes,915, 2000-2005,-4.3914891491116865
696,Anguilla,No notes,660, 2000-2005,..
697,Antigua and Barbuda,No notes,28, 2000-2005,..
698,Aruba,No notes,533, 2000-2005,..
699,Bahamas,No notes,44, 2000-2005,-13.40067944422613
700,Barbados,No notes,52, 2000-2005,..
701,"Bonaire, Sint Eustatius and Saba",20,535, 2000-2005,..
702,British Virgin Islands,No notes,92, 2000-2005,..
703,Cayman Islands,No notes,136, 2000-2005,..
704,Cuba,No notes,192, 2000-2005,-5.8290593955677705
705,Curaçao,No notes,531, 2000-2005,..
706,Dominica,No notes,212, 2000-2005,..
707,Dominican Republic,No notes,214, 2000-2005,1.5947178188727964
708,Grenada,No notes,308, 2000-2005,..
709,Guadeloupe,21,312, 2000-2005,..
710,Haiti,No notes,332, 2000-2005,..
711,Jamaica,No notes,388, 2000-2005,-4.209742297846613
712,Martinique,No notes,474, 2000-2005,..
713,Montserrat,No notes,500, 2000-2005,..
714,Puerto Rico,No notes,630, 2000-2005,..
715,Saint Kitts and Nevis,No notes,659, 2000-2005,..
716,Saint Lucia,No notes,662, 2000-2005,..
717,Saint Vincent and the Grenadines,No notes,670, 2000-2005,..
718,Sint Maarten (Dutch part),No notes,534, 2000-2005,..
719,Trinidad and Tobago,No notes,780, 2000-2005,..
720,Turks and Caicos Islands,No notes,796, 2000-2005,..
721,United States Virgin Islands,No notes,850, 2000-2005,..
722,Central America,No notes,916, 2000-2005,-11.63231140856372
723,Belize,No notes,84, 2000-2005,-57.64176041217469
724,Costa Rica,No notes,188, 2000-2005,7.819025868648717
725,El Salvador,No notes,222, 2000-2005,-3.522200994459549
726,Guatemala,No notes,320, 2000-2005,-13.858197867839946
727,Honduras,No notes,340, 2000-2005,3.7571716792346574
728,Mexico,No notes,484, 2000-2005,-40.4750878587584
729,Nicaragua,No notes,558, 2000-2005,-10.382134123428125
730,Panama,No notes,591, 2000-2005,34.26438602589337
731,South America,No notes,931, 2000-2005,25.34706477791594
732,Argentina,No notes,32, 2000-2005,1.8419221182801655
733,Bolivia (Plurinational State of),No notes,68, 2000-2005,5.354192366041085
734,Brazil,No notes,76, 2000-2005,..
735,Chile,No notes,152, 2000-2005,12.34227488712647
736,Colombia,No notes,170, 2000-2005,-0.5910428006235477
737,Ecuador,No notes,218, 2000-2005,42.78487092553894
738,Falkland Islands (Malvinas),No notes,238, 2000-2005,..
739,French Guiana,No notes,254, 2000-2005,..
740,Guyana,No notes,328, 2000-2005,..
741,Paraguay,No notes,600, 2000-2005,19.46944037939708
742,Peru,No notes,604, 2000-2005,1.0764765152877003
743,Suriname,No notes,740, 2000-2005,9.822446522744334
744,Uruguay,No notes,858, 2000-2005,11.646911100282853
745,Venezuela (Bolivarian Republic of),No notes,862, 2000-2005,21.47704020750858
746,Northern America,No notes,905, 2000-2005,-6.037203032306524
747,Bermuda,No notes,60, 2000-2005,..
748,Canada,No notes,124, 2000-2005,1.2824877403594221
749,Greenland,No notes,304, 2000-2005,..
750,Saint Pierre and Miquelon,No notes,666, 2000-2005,..
751,United States of America,No notes,840, 2000-2005,-8.252540817310445
752,Oceania,No notes,909, 2000-2005,-2.334458594396785
753,Australia and New Zealand,No notes,927, 2000-2005,-3.542702201711142
754,Australia,22,36, 2000-2005,-3.437414910451597
755,New Zealand,No notes,554, 2000-2005,-2.757809193147956
756,Melanesia,No notes,928, 2000-2005,8.69661533615848
757,Fiji,No notes,242, 2000-2005,..
758,New Caledonia,No notes,540, 2000-2005,..
759,Papua New Guinea,No notes,598, 2000-2005,7.132691595501664
760,Solomon Islands,No notes,90, 2000-2005,..
761,Vanuatu,No notes,548, 2000-2005,..
762,Micronesia,No notes,954, 2000-2005,..
763,Guam,No notes,316, 2000-2005,..
764,Kiribati,No notes,296, 2000-2005,..
765,Marshall Islands,No notes,584, 2000-2005,..
766,Micronesia (Federated States of),No notes,583, 2000-2005,..
767,Nauru,No notes,520, 2000-2005,..
768,Northern Mariana Islands,No notes,580, 2000-2005,..
769,Palau,No notes,585, 2000-2005,..
770,Polynesia,No notes,957, 2000-2005,..
771,American Samoa,No notes,16, 2000-2005,..
772,Cook Islands,No notes,184, 2000-2005,..
773,French Polynesia,No notes,258, 2000-2005,..
774,Niue,No notes,570, 2000-2005,..
775,Samoa,No notes,882, 2000-2005,..
776,Tokelau,No notes,772, 2000-2005,..
777,Tonga,No notes,776, 2000-2005,..
778,Tuvalu,No notes,798, 2000-2005,..
779,Wallis and Futuna Islands,No notes,876, 2000-2005,..
780,Sub-Saharan Africa,e,947, 2005-2010,-4.9502143006132595
781,Africa,No notes,903, 2005-2010,-4.672588175957837
782,Eastern Africa,No notes,910, 2005-2010,-6.464768239034592
783,Burundi,No notes,108, 2005-2010,0.8492811027764255
784,Comoros,No notes,174, 2005-2010,..
785,Djibouti,No notes,262, 2005-2010,5.3952681964818066
786,Eritrea,No notes,232, 2005-2010,-0.12181487446758336
787,Ethiopia,No notes,231, 2005-2010,6.532499891424708
788,Kenya,No notes,404, 2005-2010,5.389652909945637
789,Madagascar,No notes,450, 2005-2010,..
790,Malawi,No notes,454, 2005-2010,6.416522184088169
791,Mauritius,1,480, 2005-2010,..
792,Mayotte,No notes,175, 2005-2010,..
793,Mozambique,No notes,508, 2005-2010,13.776629808177828
794,Réunion,No notes,638, 2005-2010,..
795,Rwanda,No notes,646, 2005-2010,1.8896775727247839
796,Seychelles,No notes,690, 2005-2010,..
797,Somalia,No notes,706, 2005-2010,24.384487754955476
798,South Sudan,No notes,728, 2005-2010,..
799,Uganda,No notes,800, 2005-2010,-8.572876786045756
800,United Republic of Tanzania,2,834, 2005-2010,-13.967336700003463
801,Zambia,No notes,894, 2005-2010,-13.112894823064265
802,Zimbabwe,No notes,716, 2005-2010,-0.26299924630995286
803,Middle Africa,No notes,911, 2005-2010,2.169224513839109
804,Angola,No notes,24, 2005-2010,-2.657193013041276
805,Cameroon,No notes,120, 2005-2010,11.681022790642306
806,Central African Republic,No notes,140, 2005-2010,-2.390686544623503
807,Chad,No notes,148, 2005-2010,1.2932472836640068
808,Congo,No notes,178, 2005-2010,8.286193602556006
809,Democratic Republic of the Congo,No notes,180, 2005-2010,-2.995707890753923
810,Equatorial Guinea,No notes,226, 2005-2010,..
811,Gabon,No notes,266, 2005-2010,-1.5408256304130494
812,Sao Tome and Principe,No notes,678, 2005-2010,..
813,Northern Africa,No notes,912, 2005-2010,-1.5527067752241843
814,Algeria,No notes,12, 2005-2010,0.21811312527738955
815,Egypt,No notes,818, 2005-2010,-0.19648534814353816
816,Libya,No notes,434, 2005-2010,-10.374789106719778
817,Morocco,No notes,504, 2005-2010,20.401406941727203
818,Sudan,3,729, 2005-2010,-1.7450096620306017
819,Tunisia,No notes,788, 2005-2010,-4.351816366243102
820,Western Sahara,No notes,732, 2005-2010,..
821,Southern Africa,No notes,913, 2005-2010,2.9229950394405035
822,Botswana,No notes,72, 2005-2010,-6.974325339556084
823,Lesotho,No notes,426, 2005-2010,..
824,Namibia,No notes,516, 2005-2010,6.992229242529778
825,South Africa,No notes,710, 2005-2010,3.8838258222699635
826,Swaziland,No notes,748, 2005-2010,-2.3766624768937135
827,Western Africa,No notes,914, 2005-2010,-10.906223466588989
828,Benin,No notes,204, 2005-2010,1.026017325655437
829,Burkina Faso,No notes,854, 2005-2010,-5.165474057621779
830,Cabo Verde,No notes,132, 2005-2010,..
831,Côte d'Ivoire,No notes,384, 2005-2010,-10.068001281406664
832,Gambia,No notes,270, 2005-2010,0.5086123437421373
833,Ghana,No notes,288, 2005-2010,-29.106999426785645
834,Guinea,No notes,324, 2005-2010,-27.83003788167044
835,Guinea-Bissau,No notes,624, 2005-2010,-0.14627271860279575
836,Liberia,No notes,430, 2005-2010,15.21236770656807
837,Mali,No notes,466, 2005-2010,-1.6501856776763069
838,Mauritania,No notes,478, 2005-2010,67.35581894982315
839,Niger,No notes,562, 2005-2010,0.5263490458554113
840,Nigeria,No notes,566, 2005-2010,-7.624091690474103
841,Saint Helena,4,654, 2005-2010,..
842,Senegal,No notes,686, 2005-2010,-1.8663776353641512
843,Sierra Leone,No notes,694, 2005-2010,-30.824769309579036
844,Togo,No notes,768, 2005-2010,3.7371751920918435
845,Asia,No notes,935, 2005-2010,1.0057400567940937
846,Central Asia,No notes,5500, 2005-2010,-38.51020559890753
847,Kazakhstan,No notes,398, 2005-2010,-11.442070779272196
848,Kyrgyzstan,No notes,417, 2005-2010,-13.711309184013304
849,Tajikistan,No notes,762, 2005-2010,22.634377177862994
850,Turkmenistan,No notes,795, 2005-2010,-103.78137675841386
851,Uzbekistan,No notes,860, 2005-2010,-97.30603267294873
852,Eastern Asia,No notes,906, 2005-2010,-2.2316873528320396
853,China,5,156, 2005-2010,-4.2472486002957455
854,"China, Hong Kong Special Administrative Region",6,344, 2005-2010,-26.49507643729403
855,"China, Macao Special Administrative Region",7,446, 2005-2010,..
856,Democratic People's Republic of Korea,No notes,408, 2005-2010,..
857,Japan,No notes,392, 2005-2010,4.568489673454324
858,Mongolia,No notes,496, 2005-2010,..
859,Republic of Korea,No notes,410, 2005-2010,20.162303936680097
860,South-Eastern Asia,No notes,920, 2005-2010,-2.3749919048248063
861,Brunei Darussalam,No notes,96, 2005-2010,..
862,Cambodia,No notes,116, 2005-2010,6.446191500872392
863,Indonesia,No notes,360, 2005-2010,12.821927249151916
864,Lao People's Democratic Republic,No notes,418, 2005-2010,..
865,Malaysia,8,458, 2005-2010,10.984503673382713
866,Myanmar,No notes,104, 2005-2010,..
867,Philippines,No notes,608, 2005-2010,22.7838988743626
868,Singapore,No notes,702, 2005-2010,12.236266643849252
869,Thailand,No notes,764, 2005-2010,-11.804653194410019
870,Timor-Leste,No notes,626, 2005-2010,-21.427957838547407
871,Viet Nam,No notes,704, 2005-2010,-7.546507335807109
872,Southern Asia,No notes,5501, 2005-2010,6.16580280434144
873,Afghanistan,No notes,4, 2005-2010,102.91169186982982
874,Bangladesh,No notes,50, 2005-2010,9.184295731224765
875,Bhutan,No notes,64, 2005-2010,..
876,India,No notes,356, 2005-2010,7.375714263779207
877,Iran (Islamic Republic of),No notes,364, 2005-2010,0.4905367449128475
878,Maldives,No notes,462, 2005-2010,..
879,Nepal,No notes,524, 2005-2010,-4.1470684460656555
880,Pakistan,No notes,586, 2005-2010,6.867763937271743
881,Sri Lanka,No notes,144, 2005-2010,15.163630989450022
882,Western Asia,No notes,922, 2005-2010,-2.0319057060483483
883,Armenia,No notes,51, 2005-2010,-40.43376173943948
884,Azerbaijan,9,31, 2005-2010,-10.412795201146034
885,Bahrain,No notes,48, 2005-2010,3.9915647027520285
886,Cyprus,10,196, 2005-2010,22.09614904053239
887,Georgia,11,268, 2005-2010,-32.28171770004541
888,Iraq,No notes,368, 2005-2010,-4.920270984031144
889,Israel,No notes,376, 2005-2010,55.3749179797964
890,Jordan,No notes,400, 2005-2010,0.5441335959472337
891,Kuwait,No notes,414, 2005-2010,-49.05168582500743
892,Lebanon,No notes,422, 2005-2010,0.2520573498256895
893,Oman,No notes,512, 2005-2010,44.15286815866257
894,Qatar,No notes,634, 2005-2010,-14.194157109894073
895,Saudi Arabia,No notes,682, 2005-2010,-126.64104466410673
896,State of Palestine,12,275, 2005-2010,3.672872773364437
897,Syrian Arab Republic,No notes,760, 2005-2010,10.854906985333775
898,Turkey,No notes,792, 2005-2010,27.902747035503662
899,United Arab Emirates,No notes,784, 2005-2010,16.829592891601244
900,Yemen,No notes,887, 2005-2010,6.5645230782949175
901,Europe,No notes,908, 2005-2010,-4.517854074805593
902,Eastern Europe,No notes,923, 2005-2010,8.756432378003835
903,Belarus,No notes,112, 2005-2010,4.646636605474727
904,Bulgaria,No notes,100, 2005-2010,0.06433570499302291
905,Czech Republic,No notes,203, 2005-2010,1.644518195907797
906,Hungary,No notes,348, 2005-2010,-11.409193489989997
907,Poland,No notes,616, 2005-2010,26.698977812024022
908,Republic of Moldova,13,498, 2005-2010,13.294241214201877
909,Romania,No notes,642, 2005-2010,-15.437401284740451
910,Russian Federation,No notes,643, 2005-2010,24.288125477881195
911,Slovakia,No notes,703, 2005-2010,2.2166038794288014
912,Ukraine,No notes,804, 2005-2010,2.3854088916340244
913,Northern Europe,No notes,924, 2005-2010,-8.166862495660796
914,Channel Islands,14,830, 2005-2010,..
915,Denmark,No notes,208, 2005-2010,-20.875600964505697
916,Estonia,No notes,233, 2005-2010,13.78182761291705
917,Faeroe Islands,No notes,234, 2005-2010,..
918,Finland,15,246, 2005-2010,-9.563819065184125
919,Iceland,No notes,352, 2005-2010,-20.254543808891544
920,Ireland,No notes,372, 2005-2010,0.6367361500766405
921,Isle of Man,No notes,833, 2005-2010,..
922,Latvia,No notes,428, 2005-2010,15.294515977086757
923,Lithuania,No notes,440, 2005-2010,12.7589929862192
924,Norway,16,578, 2005-2010,-8.883487631398838
925,Sweden,No notes,752, 2005-2010,-2.1831458469751
926,United Kingdom of Great Britain and Northern Ireland,No notes,826, 2005-2010,-9.816091560702187
927,Southern Europe,No notes,925, 2005-2010,-7.94633138545011
928,Albania,No notes,8, 2005-2010,5.768320622186542
929,Andorra,No notes,20, 2005-2010,..
930,Bosnia and Herzegovina,No notes,70, 2005-2010,-4.613628071843355
931,Croatia,No notes,191, 2005-2010,-24.21726318839875
932,Gibraltar,No notes,292, 2005-2010,..
933,Greece,No notes,300, 2005-2010,-11.362966405252136
934,Holy See,17,336, 2005-2010,..
935,Italy,No notes,380, 2005-2010,12.452998101608651
936,Malta,No notes,470, 2005-2010,17.08140018507444
937,Montenegro,No notes,499, 2005-2010,..
938,Portugal,No notes,620, 2005-2010,1.3427613467251165
939,San Marino,No notes,674, 2005-2010,..
940,Serbia,18,688, 2005-2010,-12.196214508062102
941,Slovenia,No notes,705, 2005-2010,-0.6867476015267197
942,Spain,19,724, 2005-2010,-15.319091137168392
943,The former Yugoslav Republic of Macedonia,No notes,807, 2005-2010,-5.9966450233278445
944,Western Europe,No notes,926, 2005-2010,-3.6974271069523517
945,Austria,No notes,40, 2005-2010,-3.714198629438071
946,Belgium,No notes,56, 2005-2010,-0.6417761388428634
947,France,No notes,250, 2005-2010,6.2714652633618115
948,Germany,No notes,276, 2005-2010,-5.664085393962609
949,Liechtenstein,No notes,438, 2005-2010,-13.125178716708763
950,Luxembourg,No notes,442, 2005-2010,10.001521057773273
951,Monaco,No notes,492, 2005-2010,..
952,Netherlands,No notes,528, 2005-2010,-10.186938025831271
953,Switzerland,No notes,756, 2005-2010,-2.4615067557170636
954,Latin America and the Caribbean,No notes,904, 2005-2010,38.8939203658751
955,Caribbean,No notes,915, 2005-2010,-2.8600795820121845
956,Anguilla,No notes,660, 2005-2010,..
957,Antigua and Barbuda,No notes,28, 2005-2010,..
958,Aruba,No notes,533, 2005-2010,..
959,Bahamas,No notes,44, 2005-2010,-20.18804280068176
960,Barbados,No notes,52, 2005-2010,..
961,"Bonaire, Sint Eustatius and Saba",20,535, 2005-2010,..
962,British Virgin Islands,No notes,92, 2005-2010,11.4764067823287
963,Cayman Islands,No notes,136, 2005-2010,-2.1037927965282313
964,Cuba,No notes,192, 2005-2010,-7.4712340078336466
965,Curaçao,No notes,531, 2005-2010,..
966,Dominica,No notes,212, 2005-2010,..
967,Dominican Republic,No notes,214, 2005-2010,-0.4137515702592438
968,Grenada,No notes,308, 2005-2010,..
969,Guadeloupe,21,312, 2005-2010,..
970,Haiti,No notes,332, 2005-2010,..
971,Jamaica,No notes,388, 2005-2010,-6.6025348121198535
972,Martinique,No notes,474, 2005-2010,..
973,Montserrat,No notes,500, 2005-2010,..
974,Puerto Rico,No notes,630, 2005-2010,..
975,Saint Kitts and Nevis,No notes,659, 2005-2010,..
976,Saint Lucia,No notes,662, 2005-2010,..
977,Saint Vincent and the Grenadines,No notes,670, 2005-2010,..
978,Sint Maarten (Dutch part),No notes,534, 2005-2010,-13.862943611198904
979,Trinidad and Tobago,No notes,780, 2005-2010,..
980,Turks and Caicos Islands,No notes,796, 2005-2010,..
981,United States Virgin Islands,No notes,850, 2005-2010,..
982,Central America,No notes,916, 2005-2010,3.047817287290724
983,Belize,No notes,84, 2005-2010,-33.01774327761771
984,Costa Rica,No notes,188, 2005-2010,8.523473524054975
985,El Salvador,No notes,222, 2005-2010,-3.283870851421291
986,Guatemala,No notes,320, 2005-2010,-25.783307807108947
987,Honduras,No notes,340, 2005-2010,1.9078231363532008
988,Mexico,No notes,484, 2005-2010,-22.94672159033309
989,Nicaragua,No notes,558, 2005-2010,-26.65884265149689
990,Panama,No notes,591, 2005-2010,4.350411079760817
991,South America,No notes,931, 2005-2010,54.116865462726096
992,Argentina,No notes,32, 2005-2010,6.519436637483455
993,Bolivia (Plurinational State of),No notes,68, 2005-2010,3.6441468871485547
994,Brazil,No notes,76, 2005-2010,8.39181452248703
995,Chile,No notes,152, 2005-2010,3.9817856700916137
996,Colombia,No notes,170, 2005-2010,-3.9798455258021184
997,Ecuador,No notes,218, 2005-2010,38.74593926326194
998,Falkland Islands (Malvinas),No notes,238, 2005-2010,..
999,French Guiana,No notes,254, 2005-2010,..
1000,Guyana,No notes,328, 2005-2010,7.416869668959861
1001,Paraguay,No notes,600, 2005-2010,14.657153188569389
1002,Peru,No notes,604, 2005-2010,4.407137711895358
1003,Suriname,No notes,740, 2005-2010,24.420895764491675
1004,Uruguay,No notes,858, 2005-2010,8.859031897959273
1005,Venezuela (Bolivarian Republic of),No notes,862, 2005-2010,119.68794679557857
1006,Northern America,No notes,905, 2005-2010,-6.472904198299273
1007,Bermuda,No notes,60, 2005-2010,..
1008,Canada,No notes,124, 2005-2010,-0.5000558004842571
1009,Greenland,No notes,304, 2005-2010,..
1010,Saint Pierre and Miquelon,No notes,666, 2005-2010,..
1011,United States of America,No notes,840, 2005-2010,-9.570077188274471
1012,Oceania,No notes,909, 2005-2010,-21.86753528372027
1013,Australia and New Zealand,No notes,927, 2005-2010,-22.58743783675112
1014,Australia,22,36, 2005-2010,-22.979644173193915
1015,New Zealand,No notes,554, 2005-2010,-19.07001508284584
1016,Melanesia,No notes,928, 2005-2010,-15.432417320349273
1017,Fiji,No notes,242, 2005-2010,-1.4215242230517937
1018,New Caledonia,No notes,540, 2005-2010,..
1019,Papua New Guinea,No notes,598, 2005-2010,-11.818900706664584
1020,Solomon Islands,No notes,90, 2005-2010,..
1021,Vanuatu,No notes,548, 2005-2010,..
1022,Micronesia,No notes,954, 2005-2010,..
1023,Guam,No notes,316, 2005-2010,..
1024,Kiribati,No notes,296, 2005-2010,..
1025,Marshall Islands,No notes,584, 2005-2010,..
1026,Micronesia (Federated States of),No notes,583, 2005-2010,..
1027,Nauru,No notes,520, 2005-2010,..
1028,Northern Mariana Islands,No notes,580, 2005-2010,..
1029,Palau,No notes,585, 2005-2010,..
1030,Polynesia,No notes,957, 2005-2010,..
1031,American Samoa,No notes,16, 2005-2010,..
1032,Cook Islands,No notes,184, 2005-2010,..
1033,French Polynesia,No notes,258, 2005-2010,..
1034,Niue,No notes,570, 2005-2010,..
1035,Samoa,No notes,882, 2005-2010,..
1036,Tokelau,No notes,772, 2005-2010,..
1037,Tonga,No notes,776, 2005-2010,..
1038,Tuvalu,No notes,798, 2005-2010,..
1039,Wallis and Futuna Islands,No notes,876, 2005-2010,..
1040,Sub-Saharan Africa,e,947, 2010-2015,5.848155819592877
1041,Africa,No notes,903, 2010-2015,6.133655506826065
1042,Eastern Africa,No notes,910, 2010-2015,9.059711392801978
1043,Burundi,No notes,108, 2010-2015,5.783876136975078
1044,Comoros,No notes,174, 2010-2015,..
1045,Djibouti,No notes,262, 2010-2015,4.121943283063937
1046,Eritrea,No notes,232, 2010-2015,-10.46463689422319
1047,Ethiopia,No notes,231, 2010-2015,16.322282729649412
1048,Kenya,No notes,404, 2010-2015,3.136790276591641
1049,Madagascar,No notes,450, 2010-2015,..
1050,Malawi,No notes,454, 2010-2015,0.5960532247523025
1051,Mauritius,1,480, 2010-2015,..
1052,Mayotte,No notes,175, 2010-2015,..
1053,Mozambique,No notes,508, 2010-2015,0.9680268475542776
1054,Réunion,No notes,638, 2010-2015,..
1055,Rwanda,No notes,646, 2010-2015,1.8647865364758214
1056,Seychelles,No notes,690, 2010-2015,..
1057,Somalia,No notes,706, 2010-2015,4.06693803418506
1058,South Sudan,No notes,728, 2010-2015,20.389761105632548
1059,Uganda,No notes,800, 2010-2015,12.450603800519557
1060,United Republic of Tanzania,2,834, 2010-2015,-0.4057408503725739
1061,Zambia,No notes,894, 2010-2015,-10.118904804316529
1062,Zimbabwe,No notes,716, 2010-2015,3.8773641083898096
1063,Middle Africa,No notes,911, 2010-2015,1.1786010062378802
1064,Angola,No notes,24, 2010-2015,-6.25234883639694
1065,Cameroon,No notes,120, 2010-2015,13.015148329215235
1066,Central African Republic,No notes,140, 2010-2015,-17.905101993792673
1067,Chad,No notes,148, 2010-2015,1.0586768310751733
1068,Congo,No notes,178, 2010-2015,-18.6130825540116
1069,Democratic Republic of the Congo,No notes,180, 2010-2015,-5.045745780756607
1070,Equatorial Guinea,No notes,226, 2010-2015,..
1071,Gabon,No notes,266, 2010-2015,-45.62513968640561
1072,Sao Tome and Principe,No notes,678, 2010-2015,..
1073,Northern Africa,No notes,912, 2010-2015,8.543744424629015
1074,Algeria,No notes,12, 2010-2015,0.21118272359313922
1075,Egypt,No notes,818, 2010-2015,10.09058402515977
1076,Libya,No notes,434, 2010-2015,21.027502078707588
1077,Morocco,No notes,504, 2010-2015,9.12300470373916
1078,Sudan,3,729, 2010-2015,9.85306428755245
1079,Tunisia,No notes,788, 2010-2015,36.752269800944084
1080,Western Sahara,No notes,732, 2010-2015,..
1081,Southern Africa,No notes,913, 2010-2015,1.7212924326479664
1082,Botswana,No notes,72, 2010-2015,-7.213203883756582
1083,Lesotho,No notes,426, 2010-2015,..
1084,Namibia,No notes,516, 2010-2015,-29.53335720458476
1085,South Africa,No notes,710, 2010-2015,3.6154707077076673
1086,Swaziland,No notes,748, 2010-2015,-7.043932599550313
1087,Western Africa,No notes,914, 2010-2015,7.227602369009216
1088,Benin,No notes,204, 2010-2015,-72.87061536744798
1089,Burkina Faso,No notes,854, 2010-2015,81.01521413783634
1090,Cabo Verde,No notes,132, 2010-2015,..
1091,Côte d'Ivoire,No notes,384, 2010-2015,-45.190168182559596
1092,Gambia,No notes,270, 2010-2015,5.805060727943958
1093,Ghana,No notes,288, 2010-2015,2.3672210155598945
1094,Guinea,No notes,324, 2010-2015,-11.676397085420032
1095,Guinea-Bissau,No notes,624, 2010-2015,1.2870101077729474
1096,Liberia,No notes,430, 2010-2015,5.9293229458691945
1097,Mali,No notes,466, 2010-2015,-0.13983204150401402
1098,Mauritania,No notes,478, 2010-2015,12.133593524412545
1099,Niger,No notes,562, 2010-2015,97.34949259604704
1100,Nigeria,No notes,566, 2010-2015,-40.16560380069254
1101,Saint Helena,4,654, 2010-2015,..
1102,Senegal,No notes,686, 2010-2015,-9.983926896066906
1103,Sierra Leone,No notes,694, 2010-2015,-23.61873478676614
1104,Togo,No notes,768, 2010-2015,7.493143971935634
1105,Asia,No notes,935, 2010-2015,1.9332033421279808
1106,Central Asia,No notes,5500, 2010-2015,-22.21704671717351
1107,Kazakhstan,No notes,398, 2010-2015,-40.038641228976545
1108,Kyrgyzstan,No notes,417, 2010-2015,-30.09045158617491
1109,Tajikistan,No notes,762, 2010-2015,-6.698358641926778
1110,Turkmenistan,No notes,795, 2010-2015,-10.710731848184253
1111,Uzbekistan,No notes,860, 2010-2015,-16.1648526270091
1112,Eastern Asia,No notes,906, 2010-2015,-1.4223086543474184
1113,China,5,156, 2010-2015,-2.8052928345900625
1114,"China, Hong Kong Special Administrative Region",6,344, 2010-2015,3.1416445178361103
1115,"China, Macao Special Administrative Region",7,446, 2010-2015,..
1116,Democratic People's Republic of Korea,No notes,408, 2010-2015,..
1117,Japan,No notes,392, 2010-2015,0.6623078650053819
1118,Mongolia,No notes,496, 2010-2015,-29.57870017094328
1119,Republic of Korea,No notes,410, 2010-2015,10.504250817225092
1120,South-Eastern Asia,No notes,920, 2010-2015,2.63267024248023
1121,Brunei Darussalam,No notes,96, 2010-2015,..
1122,Cambodia,No notes,116, 2010-2015,-2.2509550653494683
1123,Indonesia,No notes,360, 2010-2015,31.743725555086016
1124,Lao People's Democratic Republic,No notes,418, 2010-2015,..
1125,Malaysia,8,458, 2010-2015,2.8455320231189676
1126,Myanmar,No notes,104, 2010-2015,..
1127,Philippines,No notes,608, 2010-2015,-5.336715978194532
1128,Singapore,No notes,702, 2010-2015,-20.17135986661391
1129,Thailand,No notes,764, 2010-2015,2.4813736929663164
1130,Timor-Leste,No notes,626, 2010-2015,..
1131,Viet Nam,No notes,704, 2010-2015,..
1132,Southern Asia,No notes,5501, 2010-2015,-0.36500029738954404
1133,Afghanistan,No notes,4, 2010-2015,50.501738813329766
1134,Bangladesh,No notes,50, 2010-2015,-0.8281028749963062
1135,Bhutan,No notes,64, 2010-2015,..
1136,India,No notes,356, 2010-2015,2.1754643223511025
1137,Iran (Islamic Republic of),No notes,364, 2010-2015,-1.5214043056781672
1138,Maldives,No notes,462, 2010-2015,..
1139,Nepal,No notes,524, 2010-2015,-12.72248241617972
1140,Pakistan,No notes,586, 2010-2015,-1.6617569302503168
1141,Sri Lanka,No notes,144, 2010-2015,6.588863916581783
1142,Western Asia,No notes,922, 2010-2015,2.6146995175734427
1143,Armenia,No notes,51, 2010-2015,4.278628594408373
1144,Azerbaijan,9,31, 2010-2015,-5.543471955765737
1145,Bahrain,No notes,48, 2010-2015,10.530224447647178
1146,Cyprus,10,196, 2010-2015,3.7848685509596947
1147,Georgia,11,268, 2010-2015,7.398459910027344
1148,Iraq,No notes,368, 2010-2015,19.077045590992107
1149,Israel,No notes,376, 2010-2015,12.139807359061598
1150,Jordan,No notes,400, 2010-2015,0.2892833276037786
1151,Kuwait,No notes,414, 2010-2015,15.577088155334055
1152,Lebanon,No notes,422, 2010-2015,7.23846702543877
1153,Oman,No notes,512, 2010-2015,-3.3660000279942466
1154,Qatar,No notes,634, 2010-2015,15.300138276929856
1155,Saudi Arabia,No notes,682, 2010-2015,-4.406536598372758
1156,State of Palestine,12,275, 2010-2015,1.151560475509583
1157,Syrian Arab Republic,No notes,760, 2010-2015,-1.7956883348493415
1158,Turkey,No notes,792, 2010-2015,85.79702203073835
1159,United Arab Emirates,No notes,784, 2010-2015,-2.93500408510181
1160,Yemen,No notes,887, 2010-2015,1.0576478943255139
1161,Europe,No notes,908, 2010-2015,-2.427124926741321
1162,Eastern Europe,No notes,923, 2010-2015,38.74814261708147
1163,Belarus,No notes,112, 2010-2015,9.164894682045349
1164,Bulgaria,No notes,100, 2010-2015,8.006061128480525
1165,Czech Republic,No notes,203, 2010-2015,3.554057674081511
1166,Hungary,No notes,348, 2010-2015,-14.554155150518081
1167,Poland,No notes,616, 2010-2015,1.8339022399533924
1168,Republic of Moldova,13,498, 2010-2015,14.931062083604491
1169,Romania,No notes,642, 2010-2015,5.908087401099558
1170,Russian Federation,No notes,643, 2010-2015,76.59538937667507
1171,Slovakia,No notes,703, 2010-2015,4.553528211830342
1172,Ukraine,No notes,804, 2010-2015,4.265551885719477
1173,Northern Europe,No notes,924, 2010-2015,-6.528662021180976
1174,Channel Islands,14,830, 2010-2015,..
1175,Denmark,No notes,208, 2010-2015,-2.4764096115004905
1176,Estonia,No notes,233, 2010-2015,16.097777388410822
1177,Faeroe Islands,No notes,234, 2010-2015,..
1178,Finland,15,246, 2010-2015,0.2615086960210505
1179,Iceland,No notes,352, 2010-2015,-2.32750991228632
1180,Ireland,No notes,372, 2010-2015,-8.768091342516493
1181,Isle of Man,No notes,833, 2010-2015,..
1182,Latvia,No notes,428, 2010-2015,21.250319774391834
1183,Lithuania,No notes,440, 2010-2015,6.72454008476001
1184,Norway,16,578, 2010-2015,-4.133868901235816
1185,Sweden,No notes,752, 2010-2015,3.0892785484129113
1186,United Kingdom of Great Britain and Northern Ireland,No notes,826, 2010-2015,-15.051151927973372
1187,Southern Europe,No notes,925, 2010-2015,0.6780972256857272
1188,Albania,No notes,8, 2010-2015,85.68309023267678
1189,Andorra,No notes,20, 2010-2015,..
1190,Bosnia and Herzegovina,No notes,70, 2010-2015,1.8570516975725173
1191,Croatia,No notes,191, 2010-2015,-8.775978949695613
1192,Gibraltar,No notes,292, 2010-2015,..
1193,Greece,No notes,300, 2010-2015,39.73595251005727
1194,Holy See,17,336, 2010-2015,..
1195,Italy,No notes,380, 2010-2015,6.03204554090658
1196,Malta,No notes,470, 2010-2015,5.074449851917201
1197,Montenegro,No notes,499, 2010-2015,-17.533623317927212
1198,Portugal,No notes,620, 2010-2015,6.996915523972466
1199,San Marino,No notes,674, 2010-2015,..
1200,Serbia,18,688, 2010-2015,-9.943206357857024
1201,Slovenia,No notes,705, 2010-2015,-4.212280166025029
1202,Spain,19,724, 2010-2015,5.285023866581224
1203,The former Yugoslav Republic of Macedonia,No notes,807, 2010-2015,-8.059877945633964
1204,Western Europe,No notes,926, 2010-2015,-8.098502367994605
1205,Austria,No notes,40, 2010-2015,9.191485703386675
1206,Belgium,No notes,56, 2010-2015,4.25540054865867
1207,France,No notes,250, 2010-2015,3.003955819677594
1208,Germany,No notes,276, 2010-2015,-20.828887319043847
1209,Liechtenstein,No notes,438, 2010-2015,0.053764243321776393
1210,Luxembourg,No notes,442, 2010-2015,-33.74805793634888
1211,Monaco,No notes,492, 2010-2015,..
1212,Netherlands,No notes,528, 2010-2015,-1.6108957126254604
1213,Switzerland,No notes,756, 2010-2015,0.14561748154659473
1214,Latin America and the Caribbean,No notes,904, 2010-2015,-1.8472275885902605
1215,Caribbean,No notes,915, 2010-2015,-2.800615828609762
1216,Anguilla,No notes,660, 2010-2015,..
1217,Antigua and Barbuda,No notes,28, 2010-2015,..
1218,Aruba,No notes,533, 2010-2015,..
1219,Bahamas,No notes,44, 2010-2015,-1.6037770617696856
1220,Barbados,No notes,52, 2010-2015,..
1221,"Bonaire, Sint Eustatius and Saba",20,535, 2010-2015,..
1222,British Virgin Islands,No notes,92, 2010-2015,5.977425230602171
1223,Cayman Islands,No notes,136, 2010-2015,36.1122798096429
1224,Cuba,No notes,192, 2010-2015,-5.56856197562026
1225,Curaçao,No notes,531, 2010-2015,34.72991214372763
1226,Dominica,No notes,212, 2010-2015,..
1227,Dominican Republic,No notes,214, 2010-2015,-0.5527193453885674
1228,Grenada,No notes,308, 2010-2015,..
1229,Guadeloupe,21,312, 2010-2015,..
1230,Haiti,No notes,332, 2010-2015,..
1231,Jamaica,No notes,388, 2010-2015,2.254940774365145
1232,Martinique,No notes,474, 2010-2015,..
1233,Montserrat,No notes,500, 2010-2015,..
1234,Puerto Rico,No notes,630, 2010-2015,..
1235,Saint Kitts and Nevis,No notes,659, 2010-2015,..
1236,Saint Lucia,No notes,662, 2010-2015,..
1237,Saint Vincent and the Grenadines,No notes,670, 2010-2015,..
1238,Sint Maarten (Dutch part),No notes,534, 2010-2015,21.1533632840288
1239,Trinidad and Tobago,No notes,780, 2010-2015,-17.318560480135126
1240,Turks and Caicos Islands,No notes,796, 2010-2015,..
1241,United States Virgin Islands,No notes,850, 2010-2015,..
1242,Central America,No notes,916, 2010-2015,-2.241085775097471
1243,Belize,No notes,84, 2010-2015,-54.90411551737535
1244,Costa Rica,No notes,188, 2010-2015,0.3237537946512241
1245,El Salvador,No notes,222, 2010-2015,-2.4806349266027654
1246,Guatemala,No notes,320, 2010-2015,0.6542915956410973
1247,Honduras,No notes,340, 2010-2015,11.81569726297554
1248,Mexico,No notes,484, 2010-2015,1.288623631536458
1249,Nicaragua,No notes,558, 2010-2015,23.455164920790132
1250,Panama,No notes,591, 2010-2015,-3.211500073039604
1251,South America,No notes,931, 2010-2015,-2.0971509422543786
1252,Argentina,No notes,32, 2010-2015,-2.6272528178439067
1253,Bolivia (Plurinational State of),No notes,68, 2010-2015,-2.5004981673811417
1254,Brazil,No notes,76, 2010-2015,3.7480335921150782
1255,Chile,No notes,152, 2010-2015,-3.2367941203455057
1256,Colombia,No notes,170, 2010-2015,2.5496367043448895
1257,Ecuador,No notes,218, 2010-2015,-3.346102591517662
1258,Falkland Islands (Malvinas),No notes,238, 2010-2015,..
1259,French Guiana,No notes,254, 2010-2015,..
1260,Guyana,No notes,328, 2010-2015,5.865042230162193
1261,Paraguay,No notes,600, 2010-2015,3.6914060474584383
1262,Peru,No notes,604, 2010-2015,-0.16051083049860837
1263,Suriname,No notes,740, 2010-2015,-22.916056019753054
1264,Uruguay,No notes,858, 2010-2015,2.8316061691380465
1265,Venezuela (Bolivarian Republic of),No notes,862, 2010-2015,-0.7579524395904346
1266,Northern America,No notes,905, 2010-2015,-1.5264238622127335
1267,Bermuda,No notes,60, 2010-2015,..
1268,Canada,No notes,124, 2010-2015,-2.8700708660429166
1269,Greenland,No notes,304, 2010-2015,..
1270,Saint Pierre and Miquelon,No notes,666, 2010-2015,..
1271,United States of America,No notes,840, 2010-2015,-1.145606256750486
1272,Oceania,No notes,909, 2010-2015,7.804057379988741
1273,Australia and New Zealand,No notes,927, 2010-2015,8.829439369481715
1274,Australia,22,36, 2010-2015,9.858589796404646
1275,New Zealand,No notes,554, 2010-2015,-11.805810299856493
1276,Melanesia,No notes,928, 2010-2015,-0.2685209654894181
1277,Fiji,No notes,242, 2010-2015,50.70858194257374
1278,New Caledonia,No notes,540, 2010-2015,..
1279,Papua New Guinea,No notes,598, 2010-2015,0.13741744113305357
1280,Solomon Islands,No notes,90, 2010-2015,..
1281,Vanuatu,No notes,548, 2010-2015,-15.132388726946672
1282,Micronesia,No notes,954, 2010-2015,..
1283,Guam,No notes,316, 2010-2015,..
1284,Kiribati,No notes,296, 2010-2015,..
1285,Marshall Islands,No notes,584, 2010-2015,..
1286,Micronesia (Federated States of),No notes,583, 2010-2015,..
1287,Nauru,No notes,520, 2010-2015,..
1288,Northern Mariana Islands,No notes,580, 2010-2015,..
1289,Palau,No notes,585, 2010-2015,..
1290,Polynesia,No notes,957, 2010-2015,..
1291,American Samoa,No notes,16, 2010-2015,..
1292,Cook Islands,No notes,184, 2010-2015,..
1293,French Polynesia,No notes,258, 2010-2015,..
1294,Niue,No notes,570, 2010-2015,..
1295,Samoa,No notes,882, 2010-2015,..
1296,Tokelau,No notes,772, 2010-2015,..
1297,Tonga,No notes,776, 2010-2015,..
1298,Tuvalu,No notes,798, 2010-2015,..
1299,Wallis and Futuna Islands,No notes,876, 2010-2015,..
